<?xml version="1.0" encoding="UTF-8"?>
<beans xmlns="http://www.springframework.org/schema/beans"
	xmlns:xsi="http://www.w3.org/2001/XMLSchema-instance"
	xsi:schemaLocation="http://www.springframework.org/schema/beans https://www.springframework.org/schema/beans/spring-beans.xsd">

	<!-- Root Context: defines shared resources visible to all other web components -->

	<bean id="ds"
		class="org.springframework.jdbc.datasource.SimpleDriverDataSource">
		<property name="driverClass" value="com.mysql.cj.jdbc.Driver" />
		<property name="url"
			value="jdbc:mysql://localhost:3306/big9_spring?useSSL=false&amp;serverTimezone=Asia/Seoul&amp;characterEncoding=UTF-8" />
		<property name="username" value="root" />
		<property name="password" value="root" />
	</bean>

	<!-- template -->
	<bean id="template"
		class="org.springframework.jdbc.core.JdbcTemplate">
		<property name="dataSource" ref="ds" />
	</bean>
</beans>




