<?xml version="1.0" encoding="UTF-8" ?> 
<!DOCTYPE mapper
 PUBLIC "-//mybatis.org//DTD Mapper 3.0//EN"
 "http://mybatis.org/dtd/mybatis-3-mapper.dtd">
<mapper namespace="com.myspring.Person">
	<sql id="search">
		<where>
			<if test="word !=null and field =='name'">
				name like '%${word}%'
			</if>
			<if test="word !=null and field =='job'">
				job like CONCAT('%', #{word},'%')
			</if>
			</where>
	</sql>
	<!-- 추가 -->
	<insert id="insertPerson"
		parameterType="com.myspring.vo.PersonVO">
		insert into person values(#{id},#{name},#{password},#{gender},#{job})

	</insert>

	<!-- 전체보기 -->
	<select id="listPerson" resultType="com.myspring.vo.PersonVO">
		select * from person
	</select>

	<!-- 검색 전체보기 -->
	<select id="searchPerson" resultType="com.myspring.vo.PersonVO"
		parameterType="java.util.Map">
		select * from person 
		<include refid="search" />
	
	</select>

	<!-- 상세보기 -->
	<select id="viewPerson" parameterType="String"
		resultType="com.myspring.vo.PersonVO">
		select * from person where id= #{id}
	</select>
	<update id="updatePerson"
		parameterType="com.myspring.vo.PersonVO">
		update person set name=#{name}, password=#{password}, job=#{job},
		gender=#{gender} where id=#{id}

	</update>

	<!-- 삭제 -->
	<delete id="deletePerson" parameterType="String">
		delete from person where id=#{id}
	</delete>

	<!-- 개수 -->
	<select id="countPerson" resultType="int">
		select count(*) from person
	</select>
	
	<select id="searchCount" resultType="int" parameterType="java.util.Map">
	select count(*) from person
			<include refid="search" />
	</select>


</mapper>



