<?xml version="1.0" encoding="UTF-8" ?> 
<!DOCTYPE mapper
 PUBLIC "-//mybatis.org//DTD Mapper 3.0//EN"
 "http://mybatis.org/dtd/mybatis-3-mapper.dtd"> 
 <mapper namespace="com.myboard.mapper.BoardMapper">
 
 
 <sql id="search">
 <where>
 		<if test="word!=null and field=='writer'">
		   writer like CONCAT('%', #{word}, '%')
		</if>
		<if test="word!=null and field=='content'">
		 content like CONCAT('%', #{word}, '%')
		</if>
 </where>
  </sql>
 <select id="findAll" resultType="com.myboard.dto.BoardDTO">
 select * from board
 <include refid="search"></include>
 order by num desc limit #{pageStart}, #{pageSize}
  </select>
 
 <select id="getCount" resultType="int">
 select count(*) from board
 <include refid="search"/>
  </select>
 
 <update id="update">
 update board set title=#{title}, content=#{content}, regdate=now() 
 where num=#{num}
 </update>
 
 <!-- 댓글 수 증감 -->
<update id="updateReplyCnt">
update board set replyCnt = replyCnt+#{amount}
where num = #{bnum}
</update>
 
 
 </mapper>